<?xml version="1.0"?>
<!DOCTYPE hibernate-mapping PUBLIC "-//Hibernate/Hibernate Mapping DTD 3.0//EN"
"http://www.hibernate.org/dtd/hibernate-mapping-3.0.dtd">
<!-- Generated 6 janv. 2017 13:37:09 by Hibernate Tools 5.2.0.CR1 -->
<hibernate-mapping>
    <class name="com.projetsoap.srcfiles.Connection" table="connection" catalog="soap" optimistic-lock="version">
        <id name="id" type="java.lang.Integer">
            <column name="Id" />
            <generator class="identity" />
        </id>
        <property name="idUser" type="int">
            <column name="Id_User" not-null="true" />
        </property>
        <property name="dateLogin" type="string">
            <column name="DateLogin" not-null="true" />
        </property>
        <property name="dateLogOut" type="string">
            <column name="DateLogOut" not-null="true" />
        </property>
    </class>
</hibernate-mapping>
