<?xml version="1.0"?>
<!DOCTYPE hibernate-mapping PUBLIC "-//Hibernate/Hibernate Mapping DTD 3.0//EN"
"http://www.hibernate.org/dtd/hibernate-mapping-3.0.dtd">
<!-- Generated 6 janv. 2017 13:37:09 by Hibernate Tools 5.2.0.CR1 -->
<hibernate-mapping>
    <class name="com.projetsoap.srcfiles.End" table="end" catalog="soap" optimistic-lock="version">
        <id name="id" type="java.lang.Integer">
            <column name="Id" />
            <generator class="identity" />
        </id>
        <property name="localisation" type="string">
            <column name="Localisation" not-null="true" />
        </property>
        <property name="name" type="string">
            <column name="Name" not-null="true" />
        </property>
        <property name="quality" type="string">
            <column name="Quality" not-null="true" />
        </property>
        <property name="receptionNumber" type="string">
            <column name="ReceptionNumber" not-null="true" />
        </property>
    </class>
</hibernate-mapping>
