<?xml version="1.0"?>
<!DOCTYPE hibernate-mapping PUBLIC "-//Hibernate/Hibernate Mapping DTD 3.0//EN"
"http://www.hibernate.org/dtd/hibernate-mapping-3.0.dtd">
<!-- Generated 6 janv. 2017 13:37:09 by Hibernate Tools 5.2.0.CR1 -->
<hibernate-mapping>
    <class name="com.projetsoap.srcfiles.Message" table="message" catalog="soap" optimistic-lock="version">
        <id name="id" type="java.lang.Integer">
            <column name="Id" />
            <generator class="identity" />
        </id>
        <property name="idSender" type="int">
            <column name="Id_Sender" not-null="true">
                <comment>User</comment>
            </column>
        </property>
        <property name="idReceiver" type="int">
            <column name="Id_Receiver" not-null="true" />
        </property>
        <property name="checked" type="boolean">
            <column name="Checked" not-null="true" />
        </property>
        <property name="accepted" type="boolean">
            <column name="Accepted" not-null="true" />
        </property>
        <property name="type" type="string">
            <column name="Type" not-null="true" />
        </property>
    </class>
</hibernate-mapping>
