<?xml version="1.0"?>
<!DOCTYPE hibernate-mapping PUBLIC "-//Hibernate/Hibernate Mapping DTD 3.0//EN"
"http://www.hibernate.org/dtd/hibernate-mapping-3.0.dtd">
<!-- Generated 6 janv. 2017 13:37:09 by Hibernate Tools 5.2.0.CR1 -->
<hibernate-mapping>
    <class name="com.projetsoap.srcfiles.Modification" table="modification" catalog="soap" optimistic-lock="version">
        <id name="idConnection" type="java.lang.Integer">
            <column name="Id_Connection" />
            <generator class="identity" />
        </id>
        <property name="idUser" type="int">
            <column name="Id_User" not-null="true" />
        </property>
        <property name="modificationParameter" type="string">
            <column name="ModificationParameter" not-null="true" />
        </property>
        <property name="previousValue" type="string">
            <column name="PreviousValue" length="1500" not-null="true" />
        </property>
        <property name="newValue" type="string">
            <column name="NewValue" not-null="true" />
        </property>
        <property name="modificationDate" type="string">
            <column name="ModificationDate" not-null="true" />
        </property>
    </class>
</hibernate-mapping>
