<?xml version="1.0"?>
<!DOCTYPE hibernate-mapping PUBLIC "-//Hibernate/Hibernate Mapping DTD 3.0//EN"
"http://www.hibernate.org/dtd/hibernate-mapping-3.0.dtd">
<!-- Generated 6 janv. 2017 13:37:09 by Hibernate Tools 5.2.0.CR1 -->
<hibernate-mapping>
    <class name="com.projetsoap.srcfiles.User" table="user" catalog="soap" optimistic-lock="version">
        <id name="id" type="java.lang.Integer">
            <column name="Id" />
            <generator class="identity" />
        </id>
        <property name="firstName" type="string">
            <column name="FirstName" not-null="true" />
        </property>
        <property name="lastName" type="string">
            <column name="LastName" not-null="true" />
        </property>
        <property name="mail" type="string">
            <column name="Mail" not-null="true" />
        </property>
        <property name="phone" type="string">
            <column name="Phone" length="10" not-null="true" />
        </property>
        <property name="password" type="string">
            <column name="Password" not-null="true" />
        </property>
        <property name="idZone" type="int">
            <column name="Id_Zone" not-null="true" />
        </property>
        <property name="idRole" type="int">
            <column name="Id_Role" not-null="true" />
        </property>
        <property name="formation" type="string">
            <column name="Formation" not-null="true" />
        </property>
    </class>
</hibernate-mapping>
